id,created_at,user_id,product_id,dicount ,quantity,tax
1,2019-02-11,29,92,5.33,1,2.55
2,2018-05-15,86,54,,3,2.62
3,2019-12-06,61,67,6.016,8,2.04
4,2019-08-22,21,68,5.312,9,3.76
5,2018-10-10,15,57,5.077,1,3.32
6,2019-11-06,56,6,4.137,7,3.19
7,2018-09-11,78,10,5.322,10,3.32
8,2019-06-17,100,56,,9,3.73
9,2017-05-03,30,72,4.624,1,2.57
10,2020-01-17,50,72,,7,2.71
11,2018-07-22,88,85,4.603,7,2.66
12,2018-06-26,96,61,5.06,8,3.81
13,2019-04-06,65,88,3.746,5,2.78
14,2017-05-25,12,11,3.573,10,3.61
15,2018-06-26,39,74,4.36,9,3.88
16,2017-12-14,1,81,5.872,7,3.34
17,2020-02-06,63,41,6.539,4,2.14
18,2020-04-10,57,75,6.151,10,2.14
19,2019-02-14,67,49,6.455,7,2.46
20,2018-04-21,31,78,,7,2.86
21,2020-04-10,19,43,5.431,5,2.7
22,2020-02-06,65,85,6.623,2,2.34
23,2020-02-06,14,17,4.42,5,3.93
24,2020-02-06,79,48,4.116,10,3.52
25,2020-04-10,2,82,6.177,4,3.41
26,2020-04-10,18,3,4.597,10,2.78
27,2020-04-10,7,16,4.142,8,2.66
28,2020-02-06,46,82,5.693,10,2.02
29,2020-04-10,69,32,6.068,9,2.28
30,2020-02-06,8,89,,4,3.02
31,2020-04-10,38,40,6.227,1,2.07
32,2020-02-06,2,37,4.09,8,3.73
33,2020-04-10,64,45,,10,2.9
34,2020-04-10,74,99,5.251,8,2.81
35,2020-02-06,42,35,5.947,7,2.83
36,2020-04-10,7,44,,1,2.91
37,2020-04-10,3,23,6.51,2,2.93
38,2020-04-10,74,73,6.017,5,3.79
39,2020-04-10,20,70,5.451,2,2.25
40,2020-02-06,26,52,6.63,7,3.45
41,2020-02-06,79,46,5.9,8,2.5
42,2020-04-10,65,61,,9,2.83
43,2020-02-06,70,75,5.968,8,3.33
44,2020-02-06,99,43,,9,3.71
45,2020-02-06,20,27,4.879,7,3.89
46,2020-02-06,14,60,4.698,4,2.89
47,2020-02-06,7,80,5.198,9,2.84
48,2020-02-06,86,22,3.596,1,2.54
49,2020-04-10,7,99,6.555,7,3.28
50,2020-04-10,25,1,5.282,2,3
51,2020-02-06,20,73,5.028,4,2.79
52,2020-04-10,77,90,5.105,7,2.63
53,2020-04-10,46,37,6.691,6,3.67
54,2020-04-10,62,95,5.811,3,2.1
55,2020-04-10,82,37,5.742,7,2.74
56,2020-04-10,63,55,6.136,3,2.48
57,2020-04-10,27,44,,6,2.57
58,2020-02-06,58,69,,8,2.81
59,2020-02-06,29,42,5.498,2,3
60,2020-02-06,50,87,4.866,5,2.22
61,2020-02-06,52,27,,1,2.24
62,2020-04-10,82,2,,9,3.17
63,2020-02-06,43,29,,3,3.63
64,2020-04-10,60,69,4.485,2,3.14
65,2020-02-06,14,25,5.959,3,2.24
66,2020-04-10,16,94,5.747,4,2.88
67,2020-04-10,42,92,5.072,8,3.61
68,2020-02-06,43,13,4.925,10,2.61
69,2020-04-10,39,31,4.206,4,2.96
70,2020-02-06,91,17,4.527,2,2.28
71,2020-02-06,11,15,5.44,1,2.11
72,2020-02-06,98,16,,9,2.93
73,2020-02-06,12,64,5.305,3,3.34
74,2020-02-06,67,6,6.114,3,2.81
75,2020-02-06,9,64,,7,2.2
76,2020-02-06,69,86,6.63,7,2.89
77,2020-04-10,25,69,,5,2.77
78,2020-02-06,39,59,,2,2.8
79,2020-04-10,83,38,5.57,10,2
80,2020-02-06,93,86,6.446,1,3.43
81,2020-02-06,65,44,6.79,6,2.7
82,2020-04-10,59,59,6.553,8,2.03
83,2020-04-10,16,19,3.734,5,2.17
84,2020-04-10,85,38,4.88,7,3.58
85,2020-04-10,51,25,4.647,1,3.1
86,2020-04-10,19,26,3.556,9,2.26
87,2020-04-10,34,20,3.554,5,3.25
88,2020-02-06,7,74,6.876,4,2.71
89,2020-04-10,95,78,4.603,1,2.92
90,2020-02-06,42,56,3.658,1,2.81
91,2020-02-06,38,23,4.233,9,3.35
92,2020-02-06,84,61,,4,2.92
93,2020-04-10,8,7,5.219,2,3.04
94,2020-04-10,17,100,4.666,4,3.63
95,2020-04-10,74,54,5.683,10,2.48
96,2020-02-06,48,85,5.193,6,3.31
97,2020-02-06,70,54,,1,3.85
98,2020-04-10,95,30,4.551,8,2.31
99,2020-04-10,100,81,6.502,4,2.1
100,2020-02-06,94,39,3.893,1,2.61
101,2020-02-06,92,25,4.35,8,2.36
102,2020-04-10,71,39,,10,2.35
103,2020-02-06,68,97,,8,3.49
104,2020-02-06,31,40,6.598,5,2.14
105,2020-02-06,98,87,4.196,6,3.54
106,2020-02-06,35,74,,5,2.42
107,2020-02-06,82,60,6.547,5,3.61
108,2020-02-06,2,46,3.821,6,3.29
109,2020-04-10,32,65,,9,2.13
110,2020-04-10,67,75,5.331,7,2.23
111,2020-02-06,59,69,4.571,7,2.57
112,2020-04-10,40,63,3.755,2,3.53
113,2020-04-10,64,81,4.7,6,4
114,2020-04-10,23,72,6.484,8,3.83
115,2020-04-10,56,60,5.547,1,3.13
116,2020-04-10,86,21,,10,2.76
117,2020-04-10,76,15,6.299,5,3.82
118,2020-02-06,75,46,3.713,2,2.42
119,2020-02-06,35,34,5.223,7,2.64
120,2020-02-06,76,26,4.796,8,3.89
121,2020-02-06,68,69,,9,2.48
122,2020-04-10,63,66,4.544,2,2.2
123,2020-02-06,98,37,4.316,9,3.12
124,2020-04-10,92,53,4.644,8,3.16
125,2020-02-06,67,37,4.459,3,3.73
126,2020-02-06,59,3,5.319,7,3.52
127,2020-04-10,50,5,5.942,8,3.12
128,2020-04-10,87,78,5.87,8,3.74
129,2020-04-10,45,32,4.315,7,2.85
130,2020-04-10,77,26,6.939,4,2.01
131,2020-04-10,85,66,4.527,4,3.92
132,2020-04-10,39,8,,9,2.61
133,2020-02-06,12,43,4.228,4,3.07
134,2020-04-10,58,49,5.088,10,2.5
135,2020-02-06,95,88,5.13,2,2.28
136,2020-02-06,36,28,5.938,7,3.9
137,2020-02-06,36,65,4.601,6,2.99
138,2020-04-10,67,21,4.81,3,3.17
139,2020-04-10,11,19,5.404,8,3.13
140,2020-04-10,75,4,4.171,7,3.55
141,2020-02-06,100,38,,5,2.35
142,2020-02-06,37,89,6.729,1,2.8
143,2020-04-10,57,73,3.946,5,2.19
144,2020-04-10,85,65,5.93,5,3.75
145,2020-02-06,55,31,5.122,3,2.52
146,2020-02-06,49,66,4.958,9,2.29
147,2019-02-11,69,65,,6,3.94
148,2018-05-15,71,55,,7,3.59
149,2019-12-06,86,89,6.989,4,2.52
150,2019-08-22,89,6,4.236,4,3.66
151,2018-10-10,12,52,6.154,4,3.66
152,2019-11-06,83,55,5.816,10,2.57
153,2018-09-11,68,82,5.892,4,3.42
154,2019-06-17,18,32,6.147,4,2.86
155,2017-05-03,24,78,5.269,5,2.76
156,2020-01-17,4,63,5.101,8,3.46
157,2018-07-22,56,58,3.941,3,3.79
158,2018-06-26,16,49,5.642,3,2.32
159,2019-04-06,6,76,4.032,9,2.31
160,2017-05-25,83,96,4.565,1,2.85
161,2018-06-26,38,17,5.358,9,2.99
162,2017-12-14,88,26,4.777,4,2.94
163,2020-02-06,5,86,3.609,3,3.77
164,2020-04-10,50,74,3.538,8,2.22
165,2019-02-14,39,40,,2,2.12
166,2018-04-21,94,43,3.758,7,3.67
167,2020-04-10,41,68,6.307,10,3.35
168,2020-02-06,86,52,,10,2.03
169,2020-02-06,61,36,5.513,7,2.45
170,2020-02-06,72,35,6.203,7,2.3
171,2020-04-10,25,49,,2,2.61
172,2020-04-10,50,22,,1,3.62
173,2020-04-10,63,62,,2,2.58
174,2020-04-10,21,75,,3,3.31
175,2020-04-10,69,11,5.331,9,3.22
176,2020-02-06,56,82,3.763,7,3.46
177,2020-04-10,40,89,6.573,5,2.48
178,2020-02-06,64,97,3.775,7,2.25
179,2020-02-06,25,2,,8,3.89
180,2020-02-06,70,86,4.063,2,2.22
181,2020-04-10,53,92,6.887,10,3.99
182,2020-04-10,98,23,5.475,8,2.95
183,2020-04-10,81,10,6.132,6,3.62
184,2020-02-06,62,26,4.121,2,3.68
185,2020-02-06,25,98,,10,3.55
186,2020-04-10,34,43,5.67,9,2.82
187,2020-04-10,50,82,4.741,7,3.78
188,2020-02-06,8,100,6.822,6,2.47
189,2020-02-06,38,25,4.572,9,3.71
190,2020-04-10,1,10,3.995,8,2.68
191,2020-02-06,86,34,4.696,7,3.18
192,2020-02-06,84,7,5.669,7,3.3
193,2020-02-06,55,14,5.564,8,2.79
194,2020-02-06,42,47,4.99,1,3.41
195,2020-02-06,19,67,3.94,6,3.5
196,2020-02-06,96,2,,8,3.84
197,2019-02-14,23,45,5.679,8,2.41
198,2018-04-21,17,32,5.498,3,3.02
199,2020-04-10,94,33,3.655,9,2.07
200,2020-02-06,71,38,5.596,9,3.24
201,2020-02-06,70,63,6.245,3,2.15
202,2020-02-06,67,43,6.386,3,2.19
203,2020-04-10,71,84,5.849,4,2.94
204,2020-04-10,80,26,4.139,4,2.44
205,2020-04-10,58,1,5.036,6,3.46
206,2020-04-10,84,32,4.446,3,3.48
207,2020-04-10,32,34,5.435,4,3.93
208,2020-02-06,17,9,4.722,3,2.51
209,2020-04-10,83,96,,9,2.11
210,2020-02-06,1,2,4.929,8,2.45
211,2020-02-06,85,71,5.737,1,2.28
212,2020-02-06,11,79,6.118,5,3.91
213,2020-04-10,100,38,5.376,4,3.08
214,2020-04-10,93,19,5.245,10,3.79
215,2020-04-10,33,92,6.015,7,2.1
216,2020-02-06,50,68,,1,3.06
217,2020-04-10,86,40,,10,2.66
218,2020-04-10,23,75,6.402,5,3.74
219,2020-04-10,88,34,5.861,5,2.69
220,2020-04-10,40,46,6.848,8,2.51
221,2020-04-10,24,75,6.011,10,2.82
222,2020-02-06,16,5,6.152,3,3.33
223,2020-04-10,59,13,5.066,6,2.5
224,2020-02-06,5,92,5.906,8,2.64
225,2020-02-06,25,42,5.782,4,3.14
226,2020-02-06,20,75,5.844,8,2.99
227,2020-04-10,33,18,3.824,8,2.4
228,2020-04-10,44,64,5.138,6,2.06
229,2020-04-10,76,37,3.956,3,3.81
230,2020-02-06,43,22,4.339,6,3.19
231,2020-02-06,75,83,,9,3.28
232,2020-04-10,12,30,5.717,3,3.99
233,2020-04-10,90,90,6.987,7,2.44
234,2020-02-06,53,94,,9,3.49
235,2020-02-06,6,82,3.676,2,2.21
236,2020-04-10,68,94,6.779,8,2.66
237,2020-02-06,25,87,5.976,9,2.07
238,2020-02-06,42,3,5.99,1,2.24
239,2020-02-06,18,89,4.656,1,3.04
240,2020-02-06,82,84,6.582,5,2.97
241,2020-02-06,76,77,4.537,6,3.61
242,2020-02-06,52,81,4.157,2,2.66
243,2020-04-10,51,18,,5,2.48
244,2020-04-10,21,44,4.599,3,2.72
245,2020-02-06,62,41,,1,2.41
246,2020-04-10,82,97,6.965,4,2.93
247,2020-04-10,42,52,6.636,8,2.92
248,2020-04-10,6,70,5.802,2,3.96
249,2020-04-10,66,16,4.764,9,3.42
250,2020-04-10,20,36,6.797,9,2.67
251,2020-04-10,63,65,6.086,1,2.62
252,2020-02-06,71,55,5.362,9,3.76
253,2020-02-06,97,88,5.147,7,3.75
254,2020-02-06,84,75,3.591,3,2.05
255,2020-02-06,100,95,6.876,6,2.28
256,2020-04-10,10,74,5.861,8,2.2
257,2020-02-06,26,51,4.987,7,3.68
258,2020-04-10,99,92,6.518,3,2.91
259,2020-02-06,61,10,5.315,6,3.15
260,2020-02-06,5,72,5.701,1,3.32
261,2020-04-10,58,40,,3,3.16
262,2020-04-10,21,66,3.97,3,3.28
263,2020-04-10,42,52,4.81,2,2.19
264,2020-04-10,40,7,6.241,6,2.1
265,2020-04-10,26,57,6.798,8,3.03
266,2020-04-10,7,41,6.255,2,3.32
267,2020-02-06,63,41,,10,3.29
268,2020-04-10,20,49,6.746,2,2.02
269,2020-02-06,24,42,4.095,4,3.45
270,2020-02-06,22,57,,5,2.88
271,2020-02-06,46,34,6.718,6,2.62
272,2020-04-10,53,18,3.99,7,3.02
273,2020-04-10,53,29,4.828,3,2.08
274,2020-04-10,41,27,6.622,3,3.71
275,2020-02-06,12,20,4.833,6,2.42
276,2020-02-06,4,81,5.015,9,2.1
277,2020-04-10,65,16,,4,2.24
278,2020-04-10,63,97,6.957,3,2.13
279,2020-02-06,9,55,,4,2.49
280,2020-02-06,82,31,,4,2.5
281,2019-02-11,70,7,5.922,1,3.86
282,2018-05-15,92,63,4.626,2,3.15
283,2019-12-06,59,25,6.198,5,3.13
284,2019-08-22,61,99,4.15,10,2.83
285,2018-10-10,78,64,3.896,10,3.68
286,2019-11-06,22,57,6.027,5,2.84
287,2018-09-11,53,73,4.093,4,3.49
288,2019-06-17,91,30,5.85,6,3.29
289,2017-05-03,71,64,,10,3.68
290,2020-01-17,87,33,,1,2.67
291,2018-07-22,16,79,4.226,6,2.15
292,2018-06-26,54,89,3.727,8,2.52
293,2019-04-06,45,83,4.375,3,2.22
294,2017-05-25,10,80,3.74,7,2.21
295,2018-06-26,7,61,4.312,9,2.55
296,2017-12-14,63,63,4.714,9,3.35
297,2020-02-06,39,22,4.333,7,2.16
298,2020-04-10,99,38,6.371,2,3.28
299,2019-02-14,22,82,6.899,4,3.54
300,2018-04-21,88,23,6.775,3,2.31
301,2020-04-10,31,79,6.077,3,2
302,2020-02-06,96,45,6.615,9,2.67
303,2020-02-06,67,71,6.776,3,2.31
304,2020-02-06,41,20,6.196,3,3.37
305,2020-04-10,69,86,6.334,1,2.98
306,2020-04-10,9,85,6.185,9,3.13
307,2020-04-10,69,85,4.118,6,2.12
308,2020-04-10,51,38,4.574,3,2.65
309,2020-04-10,12,83,4.137,1,2.73
310,2020-02-06,26,32,,1,2.37
311,2020-04-10,49,50,6.692,6,3.15
312,2020-02-06,71,70,3.822,1,2.68
313,2020-02-06,2,93,5.151,1,3.27
314,2020-02-06,51,83,6.128,8,2.75
315,2020-04-10,44,46,6.548,10,3.33
316,2020-04-10,1,50,5.839,6,2.11
317,2020-04-10,56,50,5.189,1,3.03
318,2020-02-06,36,7,,7,2.99
319,2020-02-06,42,57,5.173,5,3.03
320,2020-04-10,97,42,,8,3.14
321,2020-04-10,63,64,,7,3.63
322,2020-02-06,79,30,5.597,7,2.61
323,2020-02-06,82,65,4.427,8,2.7
324,2020-04-10,24,18,5.773,2,3.81
325,2020-02-06,13,4,4.14,8,2.95
326,2020-02-06,93,97,5.551,5,2.41
327,2020-02-06,67,15,5.481,10,2.27
328,2020-02-06,73,41,,1,2.09
329,2020-02-06,72,55,6.683,9,2.15
330,2020-02-06,66,91,5.25,10,2.95
331,2019-02-14,7,45,,7,2.9
332,2018-04-21,85,65,5.963,3,2.9
333,2020-04-10,86,79,4.218,10,3.96
334,2020-02-06,14,88,,3,2.85
335,2020-02-06,67,10,4.324,5,3.69
336,2020-02-06,97,23,4.833,7,3.82
337,2020-04-10,71,42,3.876,7,2.39
338,2020-04-10,2,16,6.084,9,2.04
339,2020-04-10,83,3,,5,2.36
340,2020-04-10,72,45,5.847,5,2.74
341,2020-04-10,89,38,5.672,4,2.36
342,2020-02-06,99,15,3.981,2,3.18
343,2020-04-10,89,77,5.103,6,3.41
344,2020-02-06,58,86,6.49,3,2.2
345,2020-02-06,11,12,4.888,8,3.67
346,2020-02-06,53,40,3.549,1,3.33
347,2020-04-10,9,57,5.027,9,3.56
348,2020-04-10,7,64,6.791,10,3.26
349,2020-04-10,99,66,4.196,1,2.04
350,2020-02-06,3,81,6.021,7,2.9
351,2020-04-10,89,35,6.425,7,3.78
352,2020-02-06,39,32,,7,3.84
353,2020-04-10,93,10,5.787,10,3.63
354,2020-02-06,100,85,6.423,5,3.75
355,2020-02-06,15,70,,10,2.24
356,2020-04-10,14,71,6.967,1,2.04
357,2020-04-10,31,2,6.404,2,3.28
358,2020-04-10,40,81,,10,2.6
359,2020-04-10,58,59,,2,3.85
360,2020-04-10,38,86,3.929,10,3.76
361,2020-04-10,35,51,4.976,1,2.96
362,2020-02-06,42,23,4.59,6,2.03
363,2020-04-10,91,73,4.604,6,3.38
364,2020-02-06,95,93,4.533,7,2.2
365,2020-02-06,37,21,3.992,10,2.15
366,2020-02-06,35,14,,8,2.77
367,2020-04-10,96,21,4.842,9,3.36
368,2020-04-10,83,1,5.054,7,2.01
369,2020-04-10,26,86,6.434,9,3.92
370,2020-02-06,63,16,4.803,2,2.11
371,2020-02-06,34,17,5.941,2,2.31
372,2020-04-10,77,1,6.807,6,2.63
373,2020-04-10,100,89,,10,2.62
374,2020-02-06,82,40,6.715,3,3.86
375,2020-02-06,85,97,4.502,9,3.64
376,2020-04-10,64,78,,9,3.37
377,2020-02-06,85,55,3.944,1,2.84
378,2020-02-06,8,22,5.616,8,3.49
379,2020-02-06,57,35,6.699,7,2.07
380,2020-02-06,74,73,4.268,4,2.69
381,2020-02-06,58,13,4.297,1,3.24
382,2020-04-10,63,64,4.59,9,3.27
383,2020-04-10,87,42,5.496,5,2.59
384,2020-04-10,71,71,3.533,10,2.86
385,2020-02-06,24,2,4.018,7,2.4
386,2020-02-06,23,66,4.286,5,3.72
387,2020-04-10,29,32,5.081,7,3.87
388,2020-04-10,76,69,5.575,7,2.23
389,2020-02-06,66,14,,8,2.19
390,2020-02-06,82,4,6.387,5,3.1
391,2020-04-10,23,30,5.35,10,2.66
392,2020-02-06,16,80,4.865,4,2.82
393,2020-02-06,75,85,5.798,7,3.44
394,2020-02-06,22,87,3.528,8,2.39
395,2020-02-06,92,22,6.75,6,3.67
396,2020-02-06,70,37,4.372,6,2.89
397,2020-02-06,49,67,6.32,10,2.04
398,2018-06-26,82,54,6.096,9,3.1
399,2019-04-06,9,33,6.927,7,2.59
400,2017-05-25,21,94,,7,2.66
401,2018-06-26,18,38,4.521,5,3.61
402,2017-12-14,31,31,,4,3.54
403,2020-02-06,79,65,3.8,1,2.18
404,2020-04-10,33,55,,1,2.05
405,2019-02-14,27,81,6.215,3,3.14
406,2018-04-21,78,41,6.096,2,3.69
407,2020-04-10,65,5,6.852,6,3.8
408,2020-02-06,16,67,4.675,3,3.87
409,2020-02-06,61,13,,1,3.97
410,2020-02-06,95,20,,3,3.29
411,2020-04-10,22,34,5.254,2,3.67
412,2020-04-10,59,72,4.754,4,2.5
413,2020-04-10,40,15,3.629,10,2.78
414,2020-04-10,49,73,3.778,6,2.52
415,2020-04-10,51,86,6.332,2,3.51
416,2020-02-06,1,43,4.296,5,2.18
417,2020-04-10,16,18,6.192,5,2.74
418,2020-02-06,83,99,5.161,6,2.56
419,2020-02-06,2,79,6.709,6,2.35
420,2020-02-06,59,73,6.536,2,2.53
421,2020-04-10,48,66,4.276,2,3.77
422,2020-04-10,42,12,6.971,9,2.67
423,2020-04-10,31,63,5.873,2,3.24
424,2020-02-06,19,96,4.697,10,2.64
425,2020-02-06,26,83,6.891,2,3.75
426,2020-04-10,44,100,,1,3.66
427,2020-04-10,83,50,,5,3.31
428,2020-02-06,53,82,6.49,6,3.5
429,2020-02-06,55,75,6.799,1,2.83
430,2020-04-10,24,87,4.181,2,3.24
431,2020-02-06,21,16,3.976,2,2.41
432,2020-02-06,47,74,,4,2.94
433,2020-02-06,79,37,5.15,8,2.49
434,2020-02-06,97,91,6.033,2,3.29
435,2020-02-06,97,52,4.212,10,3.99
436,2020-02-06,63,38,6.921,3,3.2
437,2019-02-14,85,41,,2,2.35
438,2018-04-21,12,58,5.487,8,3.68
439,2020-04-10,92,18,,10,3.88
440,2020-02-06,24,22,6.376,8,3.66
441,2020-02-06,25,51,,9,2.15
442,2020-02-06,84,32,,6,3.06
443,2020-04-10,55,10,4.441,9,2.22
444,2020-04-10,25,73,6.426,6,3.9
445,2020-04-10,90,2,6.931,5,2.18
446,2020-04-10,67,58,5.155,8,2.98
447,2020-04-10,61,22,5.299,7,3.53
448,2020-02-06,56,65,5.313,5,3.17
449,2020-04-10,33,88,5.121,4,2.27
450,2020-02-06,56,75,5.62,4,2.11
451,2020-02-06,69,44,4.074,7,2.75
452,2020-02-06,91,95,,1,3.05
453,2020-04-10,34,21,5.294,9,2.14
454,2020-04-10,56,80,5.078,6,3.82
455,2020-04-10,82,83,6.85,3,2.2
456,2020-02-06,36,30,3.848,4,2.61
457,2020-04-10,59,6,6.518,2,2.06
458,2020-04-10,69,12,6.358,9,2.44
459,2020-04-10,13,87,,7,2.67
460,2020-04-10,31,81,,7,3.04
461,2020-04-10,10,64,4.339,8,2.54
462,2020-02-06,12,86,4.478,8,3.63
463,2020-04-10,99,37,4.783,1,3.49
464,2020-02-06,24,77,,9,2.02
465,2020-02-06,38,53,5.277,10,2.3
466,2020-02-06,79,49,3.549,7,2.72
467,2020-04-10,51,7,6.331,10,2.46
468,2020-04-10,15,59,,2,2.81
469,2020-04-10,89,10,6.944,9,3.49
470,2020-02-06,10,21,,10,2.43
471,2020-02-06,19,55,6.17,1,2.88
472,2020-04-10,84,84,5.425,8,3.66
473,2020-04-10,87,1,3.648,8,3.48
474,2020-02-06,74,35,4.747,5,2.43
475,2020-02-06,4,10,5.908,9,2.87
476,2020-04-10,82,97,3.835,5,3.35
477,2020-02-06,27,64,,10,3.17
478,2020-02-06,18,54,6.99,6,2.43
479,2020-02-06,44,45,5.987,5,2.68
480,2020-02-06,34,3,,1,2.74
481,2020-02-06,27,42,6.32,5,2.32
482,2020-02-06,24,58,3.515,6,3.41
483,2020-04-10,49,67,,2,3.1
484,2020-04-10,36,22,,6,3.77
485,2020-02-06,7,63,6.578,3,2.29
486,2020-04-10,14,58,5.124,4,2.83
487,2020-04-10,12,46,5.067,3,2.75
488,2020-04-10,10,2,,9,3.89
489,2020-04-10,48,89,5.088,9,2
490,2020-04-10,21,54,,3,2.33
491,2020-04-10,49,24,6.527,10,2.59
492,2020-02-06,17,24,5.113,4,2.57
493,2020-02-06,25,42,4.407,3,3.96
494,2020-02-06,52,60,5.522,3,2.78
495,2020-02-06,11,14,6.836,1,3.57
496,2020-04-10,9,13,5.92,6,3.49
497,2020-02-06,39,82,4.795,6,3.34
498,2020-04-10,81,86,4.873,1,2.17
499,2020-02-06,84,27,5.79,3,3.84
500,2020-02-06,44,46,,2,2.68
501,2020-04-10,80,82,5.755,5,3.13
502,2020-04-10,94,82,6.822,10,2.95
503,2020-02-06,38,30,3.658,8,2.06
504,2020-04-10,22,47,5.033,3,2.12
505,2020-02-06,96,41,6.406,1,3.52
506,2020-02-06,25,38,5.954,9,3.81
507,2020-04-10,59,37,,8,3.19
508,2020-04-10,58,73,4.704,9,3
509,2020-04-10,33,73,,9,3.02
510,2020-04-10,45,75,4.103,7,2.94
511,2020-04-10,32,24,5.177,7,3.06
512,2020-04-10,93,32,4.537,6,2.54
513,2020-02-06,34,87,5.783,10,2.58
514,2020-04-10,41,71,6.186,4,3.6
515,2020-02-06,23,82,3.997,6,2.91
516,2020-02-06,82,35,5.167,4,2.08
517,2020-02-06,86,72,,5,2.94
518,2020-04-10,54,73,5.641,4,2.65
519,2020-04-10,90,55,5.261,7,3.65
520,2020-04-10,81,53,4.052,6,3.35
521,2020-02-06,28,42,5.66,8,3.13
522,2020-02-06,31,84,6.584,9,3.66
523,2020-04-10,40,6,5.627,9,3.93
524,2020-04-10,99,25,3.744,2,2.36
525,2020-02-06,86,41,,2,3.35
526,2020-02-06,96,34,5.74,3,3.95
527,2020-04-10,84,18,3.623,4,3.29
528,2020-02-06,16,97,6.34,4,2.14
529,2020-02-06,56,70,3.716,7,2.51
530,2020-02-06,12,19,4.863,5,3.98
531,2020-02-06,52,7,4.819,1,3.85
532,2020-02-06,81,35,,3,3.67
533,2020-04-10,27,64,,2,3.62
534,2020-04-10,17,10,4.142,7,2.27
535,2020-04-10,75,62,,2,3.66
536,2020-02-06,84,55,6.656,8,2.78
537,2020-02-06,6,52,,7,3.02
538,2020-04-10,53,3,4.047,1,2.93
539,2020-04-10,75,77,4.012,5,3.44
540,2020-02-06,28,36,4.698,9,3.29
541,2020-02-06,21,15,4.917,3,3.61
542,2020-04-10,62,20,4.873,8,3.53
543,2020-02-06,83,91,5.918,10,2.03
544,2020-02-06,100,57,3.893,7,2.81
545,2020-02-06,62,29,6.127,10,3.05
546,2020-02-06,7,81,6.702,8,3.93
547,2020-02-06,34,5,6.207,3,2.56
548,2020-02-06,16,15,4.682,3,2.04
549,2018-06-26,26,82,5.059,4,2.69
550,2019-04-06,28,15,4.071,6,3.27
551,2017-05-25,62,23,,6,3.12
552,2018-06-26,15,43,5.231,2,3.54
553,2017-12-14,35,17,4.057,6,3.22
554,2020-02-06,21,26,5.737,4,3.94
555,2020-04-10,38,34,3.783,8,3.9
556,2019-02-14,90,34,3.545,2,2.51
557,2018-04-21,90,59,4.761,10,2.28
558,2020-04-10,64,54,4.339,1,2.98
559,2020-02-06,36,48,5.365,4,2.04
560,2020-02-06,37,84,,7,2.88
561,2020-02-06,49,72,6.274,3,3.67
562,2020-04-10,66,84,5.097,7,2.78
563,2020-04-10,82,38,6.154,8,3.28
564,2020-04-10,16,32,5.319,3,2.74
565,2020-04-10,10,15,3.814,4,2.02
566,2020-04-10,18,40,5.725,7,2.16
567,2020-02-06,45,9,5.835,1,3.96
568,2020-04-10,20,38,6.451,3,3.83
569,2020-02-06,49,17,4.979,9,2.86
570,2020-02-06,87,61,,4,3
571,2020-02-06,94,41,5.903,1,3.91
572,2020-04-10,44,38,5.061,3,3.86
573,2020-04-10,68,60,,6,2.14
574,2020-04-10,80,87,3.511,7,3.85
575,2020-02-06,39,59,6.171,1,3.34
576,2020-02-06,75,37,4.866,9,3.25
577,2020-04-10,86,91,5.131,1,2.56
578,2020-04-10,85,35,,2,3.11
579,2020-02-06,86,52,6.573,1,2.26
580,2020-02-06,29,38,6.303,10,3.1
581,2020-04-10,28,53,5.714,1,2.85
582,2020-02-06,61,15,6.64,7,2.88
583,2020-02-06,77,97,3.749,9,3.71
584,2020-02-06,50,34,3.964,10,3.6
585,2020-02-06,5,87,3.846,8,2.21
586,2020-02-06,4,66,5.033,7,3.48
587,2020-02-06,10,1,,9,3.31
588,2019-02-14,10,17,6.507,6,3.38
589,2018-04-21,79,99,4.848,6,2.82
590,2020-04-10,4,2,3.635,4,3.06
591,2020-02-06,61,38,,4,2.65
592,2020-02-06,78,66,,8,3.1
593,2020-02-06,52,80,4.383,4,3.42
594,2020-04-10,56,80,4.09,7,3.2
595,2020-04-10,16,74,6.262,7,2.09
596,2020-04-10,48,75,5.976,2,3.89
597,2020-04-10,17,96,,6,3.5
598,2020-04-10,66,46,5.55,3,2.72
599,2020-02-06,42,7,4.583,10,3.18
600,2020-04-10,28,79,4.217,6,2.79
601,2020-02-06,60,52,5.471,6,2.35
602,2020-02-06,42,53,4.52,1,3.26
603,2020-02-06,73,98,4.129,5,2.85
604,2020-04-10,93,37,6.959,10,3.08
605,2020-04-10,38,33,6.818,1,3.89
606,2020-04-10,91,82,5.694,10,3.37
607,2020-02-06,93,49,5.216,8,3.9
608,2020-04-10,100,34,4.805,1,3.24
609,2020-04-10,17,44,5.721,9,2.22
610,2020-04-10,31,98,5.135,2,3.66
611,2020-04-10,46,74,4.709,10,3.82
612,2020-04-10,36,75,,9,2.74
613,2020-02-06,78,44,5.065,1,3.83
614,2020-04-10,54,59,6.716,8,2.27
615,2020-02-06,29,27,5.876,9,2.05
616,2020-02-06,19,87,5.43,4,2.99
617,2020-02-06,99,73,,2,3.43
618,2020-04-10,11,71,4.156,1,2.41
619,2020-04-10,42,46,3.876,6,2.04
620,2020-04-10,66,70,,5,2.94
621,2020-02-06,96,3,4.789,2,3.59
622,2020-02-06,100,86,,4,3.22
623,2020-04-10,35,8,,4,2.62
624,2020-04-10,36,81,,3,3.78
625,2020-02-06,45,89,6.227,1,3.33
626,2020-02-06,38,91,4.591,2,3.97
627,2020-04-10,33,32,6.637,5,3.76
628,2020-02-06,100,92,4.067,9,3.16
629,2020-02-06,73,5,5.644,10,2.66
630,2020-02-06,42,5,5.784,4,3.95
631,2020-02-06,19,66,4.747,6,2.79
632,2020-02-06,19,87,4.044,4,2.77
633,2020-02-06,97,63,4.009,8,3.65
634,2020-04-10,18,87,4.791,7,2.48
635,2020-04-10,3,96,5.76,1,2.33
636,2020-02-06,56,83,,10,2.29
637,2020-04-10,66,34,5.171,10,3.22
638,2020-04-10,97,21,6.08,3,3.84
639,2020-04-10,52,33,5.053,5,3
640,2020-04-10,89,42,3.664,6,2.27
641,2020-04-10,43,34,4.748,2,3.19
642,2020-04-10,93,97,,5,2.66
643,2020-02-06,60,46,,7,2.73
644,2020-02-06,61,25,,7,3.23
645,2020-02-06,69,93,,9,3.95
646,2020-02-06,13,66,4.952,9,3.53
647,2020-04-10,18,2,6.792,3,2.1
648,2020-02-06,72,24,6.175,10,3.03
649,2020-04-10,22,33,,10,2.26
650,2020-02-06,5,26,5.533,3,2.38
651,2020-02-06,36,49,,7,3.39
652,2020-04-10,89,79,,4,2.86
653,2020-04-10,37,86,6.137,2,2.05
654,2019-02-11,4,55,4.501,2,2.92
655,2018-05-15,10,52,6.353,5,3.69
656,2019-12-06,25,9,5.079,3,3.17
657,2019-08-22,28,18,4.884,2,2.23
658,2018-10-10,99,25,5.403,5,2.37
659,2019-11-06,68,88,3.905,6,2.54
660,2018-09-11,60,65,,4,3.75
661,2019-06-17,29,3,4.278,5,3.39
662,2017-05-03,50,27,,4,2.78
663,2020-01-17,10,50,6.098,2,2.36
664,2018-07-22,11,96,3.999,6,3.39
665,2018-06-26,56,51,,2,3.03
666,2019-04-06,55,75,6.113,5,2.38
667,2017-05-25,98,43,5.499,8,2.62
668,2018-06-26,36,93,5.802,8,2.6
669,2017-12-14,9,99,5.77,5,2.01
670,2020-02-06,38,28,6.065,4,3.86
671,2020-04-10,12,14,6.263,7,2.06
672,2019-02-14,77,18,4.154,2,2.57
673,2018-04-21,71,52,3.829,9,2.08
674,2020-04-10,49,19,6.86,7,3.87
675,2020-02-06,91,87,6.377,6,2.32
676,2020-02-06,4,38,,2,2.36
677,2020-02-06,93,25,,3,3.4
678,2020-04-10,95,100,5.248,2,3.18
679,2020-04-10,94,42,,10,2.47
680,2020-04-10,93,81,5.962,8,3.34
681,2020-02-06,58,74,,8,3.79
682,2020-04-10,23,75,6.211,6,2.74
683,2020-02-06,53,93,,10,3.28
684,2020-04-10,2,48,6.532,2,2.16
685,2020-02-06,4,5,,8,2.33
686,2020-04-10,66,97,5.122,10,3.65
687,2020-04-10,53,100,5.02,6,3.19
688,2020-02-06,70,8,4.67,6,3.47
689,2020-04-10,53,99,5.097,9,3.04
690,2020-04-10,81,62,4.041,1,2.93
691,2020-04-10,87,32,6.573,10,3.48
692,2020-04-10,20,99,4.124,1,3.67
693,2020-02-06,29,61,5.474,6,4
694,2020-02-06,86,90,6.85,7,2.3
695,2020-04-10,54,90,5.236,9,2.42
696,2020-02-06,49,8,5.404,6,3.74
697,2020-02-06,73,3,5.183,5,3.17
698,2020-02-06,74,37,3.928,1,2.74
699,2020-02-06,71,22,4.885,1,3.93
700,2020-02-06,14,41,5.746,2,3.82
701,2020-02-06,23,97,4.091,3,3.53
702,2020-04-10,9,80,3.559,5,3.43
703,2020-04-10,18,42,,9,3.8
704,2020-02-06,40,78,4.581,9,3.17
705,2020-04-10,75,100,6.835,2,3.18
706,2020-04-10,7,38,,10,3.09
707,2020-04-10,27,86,5.299,2,3.85
708,2020-04-10,63,40,6.713,3,3.75
709,2020-04-10,98,2,,6,3.48
710,2020-04-10,5,89,5.496,9,3.75
711,2020-02-06,41,43,,4,3.64
712,2020-02-06,56,72,3.608,7,3.74
713,2020-02-06,34,45,5.292,7,2.61
714,2020-02-06,28,3,,10,2.94
715,2020-04-10,15,21,5.065,7,2.05
716,2020-02-06,21,6,,7,2
717,2020-04-10,35,63,5.393,2,3.48
718,2020-02-06,52,44,4.456,8,3.3
719,2020-04-10,2,4,3.831,5,2.15
720,2020-04-10,30,37,4.381,8,2.57
721,2020-02-06,82,11,5.387,2,2.96
722,2020-04-10,88,18,,10,2.86
723,2020-02-06,39,75,5.41,4,3.34
724,2020-02-06,5,98,,8,2.32
725,2020-02-06,89,46,,5,2.94
726,2020-02-06,73,8,4.612,6,2.99
727,2020-02-06,100,40,5.217,10,2.49
728,2020-02-06,33,74,5.776,10,2.8
729,2020-02-06,87,44,4.236,4,3.2
730,2020-04-10,67,61,6.677,6,2.99
731,2020-02-06,68,16,4.759,10,2.8
732,2020-04-10,18,81,4.425,2,2.27
733,2020-02-06,97,97,5.737,7,3.48
734,2020-02-06,97,64,4.721,2,2.9
735,2020-04-10,60,13,6.359,4,3.75
736,2020-04-10,14,8,6.519,7,3.61
737,2020-04-10,4,83,5.552,5,3.02
738,2020-04-10,52,83,5.649,5,2.21
739,2020-04-10,11,14,,5,3.85
740,2020-04-10,55,90,4.629,3,3.4
741,2020-02-06,86,18,6.899,7,3.52
742,2020-04-10,96,1,6.359,4,3.86
743,2020-02-06,2,73,5.184,6,3.27
744,2020-02-06,29,17,,6,2.65
745,2020-02-06,66,34,5.388,8,2.42
746,2020-04-10,96,54,4.705,9,2.48
747,2020-04-10,18,91,5.672,4,3.12
748,2020-04-10,73,46,,5,2.55
749,2020-02-06,85,81,6.729,5,3.29
750,2020-02-06,4,66,5.853,2,3.77
751,2020-04-10,8,50,4.925,9,2.67
752,2020-04-10,72,48,5.309,2,3.27
753,2020-02-06,87,46,3.823,1,3.79
754,2020-02-06,53,24,6.102,3,2.79
755,2020-04-10,91,39,5.427,4,2.51
756,2020-02-06,83,48,3.53,8,3.42
757,2020-02-06,24,80,,5,3.81
758,2020-02-06,8,18,4.407,5,3.72
759,2020-02-06,35,89,6.189,7,2.35
760,2020-02-06,88,90,,8,2.82
761,2020-02-06,29,19,4.903,3,2.55
762,2020-04-10,41,66,,8,2.42
763,2020-04-10,61,8,4.04,7,3.71
764,2020-02-06,40,63,,10,2.84
765,2020-04-10,99,67,4.581,3,3.9
766,2020-04-10,22,94,,8,3.18
767,2020-04-10,19,79,,6,3.36
768,2020-04-10,12,9,4.437,3,2.57
769,2020-04-10,94,75,4.546,3,3.88
770,2020-04-10,98,60,,1,2.08
771,2020-02-06,94,82,5.294,8,2.71
772,2020-02-06,32,66,4.533,9,3.84
773,2020-02-06,70,44,5.088,4,2.63
774,2020-02-06,89,92,6.697,6,2.23
775,2020-04-10,76,82,3.569,4,2.58
776,2020-02-06,5,94,4.849,4,2.24
777,2020-04-10,95,92,6.612,8,2.52
778,2020-02-06,4,35,5.169,4,2.78
779,2020-02-06,36,38,4.088,5,2.71
780,2020-04-10,62,34,6.903,7,2.4
781,2020-04-10,23,92,,10,2.67
782,2020-04-10,9,84,6.425,4,2.8
783,2020-04-10,43,15,3.965,3,2.29
784,2020-04-10,32,62,5.676,2,3.39
785,2020-04-10,73,6,4.611,6,2.51
786,2020-02-06,96,30,3.797,7,3.14
787,2020-04-10,47,46,5.678,9,3.38
788,2020-02-06,96,17,5.572,1,2.87
789,2020-02-06,60,16,,1,2.36
790,2020-02-06,26,23,4.661,2,3.18
791,2020-04-10,30,34,3.723,7,3.17
792,2020-04-10,95,62,4.219,8,3.95
793,2020-04-10,47,3,5.835,9,3.19
794,2020-02-06,84,36,,5,3.7
795,2020-02-06,97,58,4.598,2,2.49
796,2020-04-10,99,81,5.178,1,2.75
797,2020-04-10,99,98,3.628,6,3.76
798,2020-02-06,93,6,4.488,6,2.06
799,2020-02-06,41,16,6.577,6,2.65
800,2019-02-11,58,40,4.854,2,2.64
801,2018-05-15,25,34,6.154,4,3.16
802,2019-12-06,47,39,,4,3.73
803,2019-08-22,96,73,4.433,9,3.96
804,2018-10-10,18,84,4.043,6,2.72
805,2019-11-06,5,96,4.799,9,3.29
806,2018-09-11,13,60,5.88,6,3.46
807,2019-06-17,52,66,3.798,7,3.26
808,2017-05-03,23,36,5.28,3,2.37
809,2020-01-17,63,60,6.129,3,2.07
810,2018-07-22,90,64,6.329,6,3.03
811,2018-06-26,70,9,4.39,6,2.35
812,2019-04-06,71,28,4.662,6,3.87
813,2017-05-25,38,57,6.29,3,2.63
814,2018-06-26,37,11,4.294,7,2.15
815,2017-12-14,51,69,5.07,3,2.8
816,2020-02-06,48,43,3.543,3,3.77
817,2020-04-10,11,12,6.776,10,3.64
818,2019-02-14,100,38,5.507,5,2.49
819,2018-04-21,1,55,6.365,1,2.63
820,2020-04-10,49,72,6.026,5,3.4
821,2020-02-06,89,98,4.553,10,3.98
822,2020-02-06,51,44,6.999,8,3.98
823,2020-02-06,75,34,4.073,4,3.41
824,2020-04-10,63,34,6.708,10,3.99
825,2020-04-10,48,35,5.24,9,2.56
826,2020-04-10,31,95,5.282,5,2.13
827,2020-04-10,67,5,,7,3.81
828,2020-04-10,76,4,3.519,8,3.85
829,2020-02-06,8,50,,2,3.59
830,2020-04-10,58,40,,2,3.95
831,2020-02-06,64,48,5.744,7,2.46
832,2020-02-06,34,17,4.324,8,2.51
833,2020-02-06,45,44,5.515,5,3.82
834,2020-04-10,30,61,6.918,6,3.76
835,2020-04-10,90,94,6.317,9,3.47
836,2020-04-10,82,81,6.511,1,2.66
837,2020-02-06,42,90,6.681,10,2.7
838,2020-02-06,19,66,4.397,3,3.24
839,2020-04-10,68,5,,1,2.05
840,2020-04-10,45,24,6.368,9,2.44
841,2020-02-06,26,89,3.969,2,3.93
842,2020-02-06,81,8,,1,3.4
843,2020-04-10,34,35,4.742,10,3.85
844,2020-02-06,6,29,3.889,2,3.38
845,2020-02-06,69,46,6.823,5,3.29
846,2020-02-06,41,37,4.727,5,2.91
847,2020-02-06,9,81,5.979,7,3.18
848,2020-02-06,13,9,5.137,1,3.03
849,2020-02-06,56,37,3.897,2,2.71
850,2019-02-14,47,31,4.341,10,2.58
851,2018-04-21,77,85,4.794,4,2.93
852,2020-04-10,42,13,3.994,6,3.7
853,2020-02-06,53,72,,2,2.99
854,2020-02-06,17,56,4.237,7,2.5
855,2020-02-06,10,28,3.808,5,3.4
856,2020-04-10,81,58,4.788,6,3.25
857,2020-04-10,3,84,5.191,8,2.57
858,2020-04-10,72,20,4.986,10,2.35
859,2020-04-10,78,24,3.975,6,3.68
860,2020-04-10,49,80,,3,3.92
861,2020-02-06,55,37,6.572,6,3.22
862,2020-04-10,47,62,5.323,7,3.17
863,2020-02-06,58,70,5.658,6,3.92
864,2020-02-06,84,29,6.56,10,2.63
865,2020-02-06,97,73,,2,3.57
866,2020-04-10,58,61,4.082,1,3.32
867,2020-04-10,19,52,4.319,2,2.29
868,2020-04-10,51,88,,5,3.49
869,2020-02-06,28,37,6.002,6,2.79
870,2020-04-10,16,8,3.839,6,2.64
871,2020-04-10,93,23,,2,2.63
872,2020-04-10,92,15,3.998,1,2.05
873,2020-04-10,42,30,3.748,8,3
874,2020-04-10,29,71,4.483,2,2.12
875,2020-02-06,45,24,5.277,2,2.84
876,2020-04-10,20,33,5.595,7,3.74
877,2020-02-06,56,57,6.173,9,2.29
878,2020-02-06,48,94,4.799,2,3.84
879,2020-02-06,32,37,,7,3.14
880,2020-04-10,67,37,5.49,8,3.41
881,2020-04-10,100,83,3.51,7,2.32
882,2020-04-10,8,28,5.935,1,2.33
883,2020-02-06,62,96,,8,3.16
884,2020-02-06,96,89,5.756,5,3.87
885,2020-04-10,18,58,4.025,3,3.41
886,2020-04-10,49,75,6.247,1,2.49
887,2020-02-06,59,40,3.961,7,3.77
888,2020-02-06,15,60,6.476,10,2.03
889,2020-04-10,93,47,5.572,5,2.85
890,2020-02-06,65,16,4.754,10,3.31
891,2020-02-06,23,84,5.536,5,2.38
892,2020-02-06,92,80,4.798,4,2.83
893,2020-02-06,85,37,6.68,7,3
894,2020-02-06,18,26,,4,3.01
895,2020-02-06,92,69,4.047,4,3.38
896,2020-04-10,38,89,3.853,8,2.55
897,2020-04-10,5,30,6.682,5,3.53
898,2020-02-06,84,90,4.153,3,3.13
899,2020-04-10,21,58,,8,2.47
900,2020-04-10,46,35,5.709,2,2.31
901,2020-04-10,51,59,4.758,5,3.11
902,2020-04-10,49,66,4.154,10,3.98
903,2020-04-10,80,44,5.232,6,3.06
904,2020-04-10,92,54,,10,3.19
905,2020-02-06,69,88,4.847,6,2.73
906,2020-02-06,32,89,5.15,8,2.12
907,2020-02-06,76,40,6.312,9,2.92
908,2020-02-06,12,93,,10,3.22
909,2020-04-10,100,51,4.242,1,2.73
910,2020-02-06,1,91,4.059,7,2.07
911,2020-04-10,6,79,,3,2.77
912,2020-02-06,91,67,6.773,5,3.17
913,2020-02-06,34,32,6.238,7,2.16
914,2020-04-10,18,48,4.682,6,2.7
915,2020-04-10,33,17,,1,3.25
916,2020-04-10,52,23,6.08,6,3.04
917,2020-04-10,57,95,5.13,10,2.52
918,2020-04-10,94,94,4.739,2,2.93
919,2020-04-10,48,37,5.503,6,3
920,2020-02-06,38,61,5.445,1,3.23
921,2020-04-10,35,29,4.468,9,2.11
922,2020-02-06,8,84,4.138,3,3.1
923,2020-02-06,22,86,,10,2.17
924,2020-02-06,32,27,4.93,3,3.39
925,2020-04-10,22,29,5.187,6,2.5
926,2020-04-10,45,8,6.906,8,2.73
927,2020-04-10,85,85,6.464,5,2.88
928,2020-02-06,45,82,,7,2.79
929,2020-02-06,91,36,6.979,4,2.39
930,2020-04-10,45,77,5.43,3,3.79
931,2020-04-10,24,43,3.563,5,3.34
932,2020-02-06,59,39,,8,2.75
933,2020-02-06,10,34,6.697,10,2.33
934,2019-02-11,35,51,6.204,1,3.26
935,2018-05-15,35,65,,8,3.36
936,2019-12-06,15,79,6.507,8,3.34
937,2019-08-22,25,62,3.938,9,2.24
938,2018-10-10,48,90,,10,2.54
939,2019-11-06,72,31,4.687,6,2.12
940,2018-09-11,41,89,5.466,4,2.47
941,2019-06-17,36,46,6.41,6,3.11
942,2017-05-03,78,40,,2,3.6
943,2020-01-17,58,26,4.571,1,3.29
944,2018-07-22,56,77,6.918,7,3.79
945,2018-06-26,95,25,6.559,1,2.6
946,2019-04-06,94,81,5.345,2,2.52
947,2017-05-25,77,15,4.477,3,3.82
948,2018-06-26,12,47,4.636,3,3.06
949,2017-12-14,84,4,4.636,9,2.61
950,2020-02-06,94,1,5.905,2,2.19
951,2020-04-10,85,70,,5,3.86
952,2019-02-14,32,6,,10,2.86
953,2018-04-21,70,93,6.856,1,3.51
954,2020-04-10,99,14,4.913,7,3.03
955,2020-02-06,37,95,3.88,1,3.92
956,2020-02-06,5,82,5.302,9,3.56
957,2020-02-06,25,98,3.845,7,3.73
958,2020-04-10,65,64,3.762,1,3.24
959,2020-04-10,12,15,,8,3.79
960,2020-04-10,65,4,6.044,1,2.46
961,2020-04-10,67,76,4.215,10,3.84
962,2020-04-10,88,84,3.874,2,2.26
963,2020-02-06,11,45,5.919,5,2.55
964,2020-04-10,81,33,6.386,7,2.94
965,2020-02-06,97,52,,6,3.15
966,2020-02-06,15,80,,6,3.92
967,2020-02-06,21,69,5.551,10,2.39
968,2020-04-10,21,39,6.457,9,2.01
969,2020-04-10,91,37,5.738,4,4
970,2020-04-10,43,24,5.631,2,2.88
971,2020-02-06,20,73,4.967,5,3.27
972,2020-02-06,65,98,,4,3.59
973,2020-04-10,16,95,5.9,1,3.09
974,2020-04-10,38,85,3.75,2,2.8
975,2020-02-06,65,68,3.853,7,3.91
976,2020-02-06,45,65,4.371,8,2.94
977,2020-04-10,58,87,3.727,7,2.88
978,2020-02-06,12,88,6.024,10,2.65
979,2020-02-06,60,26,3.668,9,2.26
980,2020-02-06,22,25,4.855,1,2.52
981,2020-02-06,88,77,5.712,5,2.68
982,2020-02-06,27,92,5.111,9,2.66
983,2020-02-06,59,29,4.078,1,3.55
984,2019-02-14,16,78,5.295,6,3.45
985,2018-04-21,53,5,6.626,8,3.38
986,2020-04-10,82,38,,9,3.64
987,2020-02-06,13,27,6.798,10,3.19
988,2020-02-06,83,61,4.256,4,3.67
989,2020-02-06,77,62,5.955,10,3.1
990,2020-04-10,31,35,3.745,3,3.83
991,2020-04-10,91,24,,4,3.19
992,2020-04-10,96,17,3.643,8,3.91
993,2020-04-10,57,58,4.907,5,3.1
994,2020-04-10,12,76,6.638,1,3.19
995,2020-02-06,41,39,,2,2.8
996,2020-04-10,45,73,4.965,1,2.4
997,2020-02-06,81,50,4.725,3,2.64
998,2020-02-06,1,18,5.16,9,2.51
999,2020-02-06,36,12,6.069,7,2.97
1000,2020-04-10,86,18,6.878,9,2.52
